,eval_enemy,training_beh,team,metric,mean,ci_lower,ci_upper
0,FSM_G3,Duck,Blue,killed,0.16666666666666666,0.09999999999999998,0.2333333333333333
1,FSM_G3,Duck,Red,killed,0.5,0.4083333333333333,0.5916666666666667
2,FSM_G3,Duck,Blue,missile,2.3333333333333335,2.0833333333333335,2.566666666666667
3,FSM_G3,Duck,Red,missile,0.25,0.175,0.325
4,FSM_G3,Duck,Blue,mission,0.0,0.0,0.0
5,FSM_G3,Duck,Red,mission,0.25,0.175,0.325
6,FSM_G3,Duck,Blue,reward,1.458866098454444,-1.226418479902772,4.189995374166324
7,FSM_G3,Duck,Red,reward,0.0,0.0,0.0
