,eval_enemy,training_beh,team,metric,mean,ci_lower,ci_upper
0,FSM_G10,Duck,Blue,killed,0.0,0.0,0.0
1,FSM_G10,Duck,Red,killed,0.5714285714285714,0.49285714285714277,0.6499999999999999
2,FSM_G10,Duck,Blue,missile,2.5,2.257142857142857,2.742857142857143
3,FSM_G10,Duck,Red,missile,0.21428571428571427,0.12125000000000258,0.3
4,FSM_G10,Duck,Blue,mission,0.0,0.0,0.0
5,FSM_G10,Duck,Red,mission,0.42857142857142855,0.35,0.5071428571428571
6,FSM_G10,Duck,Blue,reward,2.5836202648006643,0.33518577357793156,4.886686801933349
7,FSM_G10,Duck,Red,reward,0.0,0.0,0.0
