,eval_enemy,training_beh,team,metric,mean,ci_lower,ci_upper
0,FSM_G3,FSM_B1,Blue,killed,0.07142857142857142,0.028571428571428567,0.10714285714285714
1,FSM_G3,FSM_B1,Red,killed,0.7142857142857143,0.6428571428571429,0.7857142857142857
2,FSM_G3,FSM_B1,Blue,missile,2.5,2.1357142857142857,2.8714285714285714
3,FSM_G3,FSM_B1,Red,missile,0.6428571428571429,0.4571428571428572,0.8071428571428572
4,FSM_G3,FSM_B1,Blue,mission,0.0,0.0,0.0
5,FSM_G3,FSM_B1,Red,mission,0.07142857142857142,0.028571428571428567,0.10714285714285714
6,FSM_G3,FSM_B1,Blue,reward,8.971027965212139,6.985151892709711,11.124322199633522
7,FSM_G3,FSM_B1,Red,reward,0.0,0.0,0.0
