,eval_enemy,training_beh,team,metric,mean,ci_lower,ci_upper
0,FSM_G10,FSM_B1,Blue,killed,0.0,0.0,0.0
1,FSM_G10,FSM_B1,Red,killed,0.4,0.32000000000000006,0.4733333333333334
2,FSM_G10,FSM_B1,Blue,missile,3.3333333333333335,2.966666666666667,3.693333333333334
3,FSM_G10,FSM_B1,Red,missile,0.2,0.13333333333333336,0.26
4,FSM_G10,FSM_B1,Blue,mission,0.0,0.0,0.0
5,FSM_G10,FSM_B1,Red,mission,0.2,0.13333333333333336,0.26
6,FSM_G10,FSM_B1,Blue,reward,5.022245554941013,3.252604810852496,6.870901405842748
7,FSM_G10,FSM_B1,Red,reward,0.0,0.0,0.0
