,eval_enemy,training_beh,team,metric,mean,ci_lower,ci_upper
0,FSM_G10,FSM_G3,Blue,killed,0.0,0.0,0.0
1,FSM_G10,FSM_G3,Red,killed,1.0,1.0,1.0
2,FSM_G10,FSM_G3,Blue,missile,1.4166666666666667,1.2750000000000001,1.55
3,FSM_G10,FSM_G3,Red,missile,0.3333333333333333,0.24999999999999994,0.41666666666666663
4,FSM_G10,FSM_G3,Blue,mission,0.0,0.0,0.0
5,FSM_G10,FSM_G3,Red,mission,0.0,0.0,0.0
6,FSM_G10,FSM_G3,Blue,reward,15.40443994331615,15.19086548406623,15.635088003621338
7,FSM_G10,FSM_G3,Red,reward,0.0,0.0,0.0
